name,sequence
18S_FLARIMv2_sB3_01,CTTTGAGACAAGCATATAACTACTGGCAAAAAAAAAAAAAAGTCCCTGCCTCTATATCT
18S_FLARIMv2_sB3_02,GCCTTTTGCGGTTTCACTTTTAATTCGAAAAAAAAAAAAAGTCCCTGCCTCTATATCT
18S_FLARIMv2_sB3_03,TAGAATTACCACAGTTATCCAAGTAAAAAAAAAAAAAAGTCCCTGCCTCTATATCT
18S_FLARIMv2_sB3_04,CGCTTGGTTTTAGCCTAATAAAAGCAAAAAAAAAAAAAGTCCCTGCCTCTATATCT
18S_FLARIMv2_sB3_05,TTGTTATTTTTCGTCACTACCTCCCCCAAAAAAAAAAAAAGTCCCTGCCTCTATATCT
18S_FLARIMv2_sB3_06,AAGTGTACTCATTCCAATTACAGGGCCAAAAAAAAAAAAAGTCCCTGCCTCTATATCT
18S_FLARIMv2_sB3_07,TATACGCTATTGGAGCTGGAATTACCGAAAAAAAAAAAAAGTCCCTGCCTCTATATCT
18S_FLARIMv2_sB3_08,CGGTCCAAGAATTTCACCTCTCAAAAAAAAAAAAAGTCCCTGCCTCTATATCT
18S_FLARIMv2_sB3_09,GAACCTCTAACTTTCGTTCTTGATTAATGAAAAAAAAAAAAAGTCCCTGCCTCTATATCT
18S_FLARIMv2_sB3_10,GCATCGTTTATGGTTAGAACTAGGGCGAAAAAAAAAAAAAGTCCCTGCCTCTATATCT
18S_FLARIMv2_sB3_11,AAGTTTCAGCTTTGCAACCATACTTAAAAAAAAAAAAAGTCCCTGCCTCTATATCT
18S_FLARIMv2_sB3_12,GGTAAGTTTTCCCGTGTTGAGTCAAATTAAAAAAAAAAAAAAGTCCCTGCCTCTATATCT
18S_FLARIMv2_sB3_13,CACCCATAGATTCGAGAAAGAGCTAAAAAAAAAAAAAGTCCCTGCCTCTATATCT
18S_FLARIMv2_sB3_14,GGAATTAACCAGACAAATCACTCCAAAAAAAAAAAAAAGTCCCTGCCTCTATATCT
18S_FLARIMv2_sB3_15,CTGTTATTGCTCAATCTCATTATTGCTAAAAAAAAAAAAAGTCCCTGCCTCTATATCT
18S_FLARIMv2_sB3_16,AGCATGAAAGTGGTTCAGCGGTTTACAAAAAAAAAAAAAGTCCCTGCCTCTATATCT
18S_FLARIMv2_sB3_17,CACACTTACTGGGAATTCCAAGTTCATAAAAAAAAAAAAAGTCCCTGCCTCTATATCT
18S_FLARIMv2_sB3_18,GGTGTGTACAAAGGGCAGGGACGTAAAAAAAAAAAAAAGTCCCTGCCTCTATATCT
18S_FLARIMv2_sB3_19,TGATCCTTCCGCAGGTTCACCTACGAAAAAAAAAAAAAGTCCCTGCCTCTATATCT
18S_FLARIMv2_sB3_20,CAATTTGTCCATTTAAGAAGCTAGTGTCAAAAAAAAAAAAAGTCCCTGCCTCTATATCT
18S_FLARIMv2_sB3_21,GTTTCCCGGGAAGCGACTGAGAGAAAAAAAAAAAAAAGTCCCTGCCTCTATATCT
18S_FLARIMv2_sB3_22,CCAGACTTGCCCTCCAATTGGTCCTTAAAAAAAAAAAAAGTCCCTGCCTCTATATCT
18S_FLARIMv2_sB3_23,GTTACCCGTTGCAACCATGGTAGTCAAAAAAAAAAAAAGTCCCTGCCTCTATATCT
18S_FLARIMv2_sB3_24,CTGCCTTCCTTAGATGTGGTAGCCGAAAAAAAAAAAAAGTCCCTGCCTCTATATCT
18S_FLARIMv2_sB3_25,TCCCTCTCCGGAATCGAACCCTGATAAAAAAAAAAAAAGTCCCTGCCTCTATATCT