probe_id,sequence
cip4_HCRB2_01,agagctgtgtggtgaggttctgctgAAATCATCCAgTAAACCgCC
cip4_HCRB2_03,tggcagggatgtgtgcgaagtgccaAAATCATCCAgTAAACCgCC
cip4_HCRB2_05,cactggattaagggtctccacttccAAATCATCCAgTAAACCgCC
cip4_HCRB2_07,agagcgtgatctcgatgtaactcgtAAATCATCCAgTAAACCgCC
cip4_HCRB2_09,cgaacttagcttaagtcaaatgtacAAATCATCCAgTAAACCgCC
cip4_HCRB2_11,tgattgttgtggtgaagagggaaacAAATCATCCAgTAAACCgCC
cip4_HCRB2_13,tggacgtcatcacgttcttgtagcgAAATCATCCAgTAAACCgCC
cip4_HCRB2_15,ctgctgcagattgttcgtcttctgtAAATCATCCAgTAAACCgCC
cip4_HCRB2_17,ggacagatcctcgaagggtatgtccAAATCATCCAgTAAACCgCC
cip4_HCRB2_19,aatggtcaggtggttcgatgtcgagAAATCATCCAgTAAACCgCC
cip4_HCRB2_02,CCTCgTAAATCCTCATCAAAgggtggcaccatcgctaaggcattt
cip4_HCRB2_04,CCTCgTAAATCCTCATCAAAgccactctcgggacttgccgaactg
cip4_HCRB2_06,CCTCgTAAATCCTCATCAAAttcatagtaggtatcctcgccaatc
cip4_HCRB2_08,CCTCgTAAATCCTCATCAAAgcacgaagccctcgtcccagccatt
cip4_HCRB2_10,CCTCgTAAATCCTCATCAAAtgttgtgtgaaagttaggcgtgttg
cip4_HCRB2_12,CCTCgTAAATCCTCATCAAAtgcggtgcttacaattaggtgaggt
cip4_HCRB2_14,CCTCgTAAATCCTCATCAAAccacctcggcccggctgagattgag
cip4_HCRB2_16,CCTCgTAAATCCTCATCAAActggttagcgtactcgttcttcgca
cip4_HCRB2_18,CCTCgTAAATCCTCATCAAAtggtggcgtgaaaccagattgatat
cip4_HCRB2_20,CCTCgTAAATCCTCATCAAAgctgtagtgtgagtcctgcacggaa
